title,url,category,final_score,impact,scale,potential,legacy,novelty,credibility,positivity
Biden Says U.S. Forces Would Defend Taiwan If China Invaded,https://www.huffpost.com/entry/biden-us-forces-defend-taiwan-against-china_n_6327ec68e4b0ed021dfe3695,POLITICS,6.7,7,8,8,6,5,7,3
‘Beautiful And Sad At The Same Time’: Ukrainian Cultural Festival Takes On A Deeper Meaning This Year,https://www.huffpost.com/entry/ukraine-festival_n_6327b4a0e4b082746beb52c7,POLITICS,4.2,4,4,5,3,4,8,5
Biden Says Queen's Death Left 'Giant Hole' For Royal Family,https://www.huffpost.com/entry/europe-britain-royals-biden_n_63276eabe4b046aa02406a13,POLITICS,4.0,3,4,3,6,3,7,5
Bill To Help Afghans Who Escaped Taliban Faces Long Odds In The Senate,https://www.huffpost.com/entry/afghan-adjustment-act-congress_n_6324ad6ee4b027aa4065ebef,POLITICS,3.8,3,4,4,3,4,7,5
Mark Meadows Complies With Justice Dept. Subpoena: Report,https://www.huffpost.com/entry/capitol-riot-investigation-mark-meadows_n_63235733e4b000d988594a5d,POLITICS,4.5,4,4,5,5,5,7,2
Democrats Nominate Seth Magaziner In Key Rhode Island House Race,https://www.huffpost.com/entry/seth-magaziner-wins-rhode-island-democratic-primary-us-house_n_632118d0e4b082746be47a33,POLITICS,2.3,2,2,2,1,2,8,6
Joe Biden Urges National Unity In Speech On Renewed ‘Cancer Moonshot’,https://www.huffpost.com/entry/biden-cancer-moonshot_n_631fc93be4b027aa405e7ac5,POLITICS,7.6,6,8,8,7,6,8,9
Sen. Tim Scott Downplays Electability Concerns Over Struggling Senate GOP Candidates,https://www.huffpost.com/entry/tim-scott-senate-republicans-november-election_n_631ef3a4e4b027aa405d4f5e,POLITICS,3.5,4,4,3,2,3,7,4
Electability Is On The Ballot In Key Rhode Island House Primary,https://www.huffpost.com/entry/democratic-primary-rhode-island-retiring_n_631d6772e4b0eac9f4d81d5a,POLITICS,2.6,2,2,3,1,3,7,5
"In A Nod To JFK, Joe Biden Pushing 'Moonshot' To Fight Cancer",https://www.huffpost.com/entry/biden-moonshot-cancer-speech_n_631f337ee4b082746be1d2bf,POLITICS,7.8,7,8,8,7,6,7,8
"Biden Honors 9/11 Victims, Vows Commitment To Thwart Terror",https://www.huffpost.com/entry/sept-11-anniversary-biden_n_631e6071e4b027aa405cf306,POLITICS,3.9,4,4,3,5,2,7,5
"US, Trump Team Propose Names For Arbiter In Mar-A-Lago Probe",https://www.huffpost.com/entry/doj-trump-team-propose-candidates-for-special-master-in-mar-a-lago-probe_n_631bed8be4b0ed021df2bd38,POLITICS,3.9,4,4,5,3,3,7,2
"Politician's DNA Connected To Las Vegas Journalist’s Murder, Police Say",https://www.huffpost.com/entry/clark-county-official-robert-telles-dna-las-vegas-journalist-murder_n_631a51dbe4b000d9884f1cf4,POLITICS,3.8,4,4,3,3,4,7,2
Michigan Supreme Court Revives Abortion Rights Amendment For November's Ballot,https://www.huffpost.com/entry/michigan-abortion-amendment-supreme-court-november-ballot_n_63191369e4b046aa0230bd0e,POLITICS,4.2,4,4,5,4,3,7,6
Portland Residents With Disabilities Sue Over City's Blocked Sidewalks,https://www.huffpost.com/entry/portland-disabled-lawsuit-blocked-sidewalks_n_631a741fe4b046aa0232f7c6,POLITICS,2.6,2,2,3,2,3,7,3
The Unemployment Insurance System Is Not Ready For The Next Recession,https://www.huffpost.com/entry/unemployment-benefits-recession_n_6317aa40e4b0faa556c1c634,POLITICS,4.5,5,4,6,4,3,8,3
Michigan Secretary of State Worried About ‘Violence And Disruption’ Going Into Midterms,https://www.huffpost.com/entry/michigan-jocelyn-benson-election-midterms_n_63158ff2e4b0682ad3d22355,POLITICS,3.9,4,4,5,3,3,7,3
Uvalde Fourth Graders Waited An Hour With Wounded Teacher,https://www.huffpost.com/entry/bc-us-texas-school-shooting-teachers_n_631644f7e4b0ed021dea6f3b,POLITICS,3.5,4,2,3,5,3,8,2
Trump-Endorsed Wisconsin Gubernatorial Candidate Tells Voters To Take Up Pitchforks,https://www.huffpost.com/entry/wisconsin-trump-tim-michels-pitchforks-anti-abortion-anti-gay_n_63142462e4b0682ad3d1a6c3,POLITICS,3.4,4,4,3,2,3,6,3
Former White House Counsel Pat Cipollone To Testify Before Grand Jury: Reports,https://www.huffpost.com/entry/pat-cipollone-jan-6-grand-jury_n_6311c619e4b07d96a24d2ae8,POLITICS,4.4,4,4,5,5,4,7,3
Rep. Jim Jordan's Judiciary Twitter Account Finds 'Threat' In Pic Of Docs At Trump Home,https://www.huffpost.com/entry/jim-jordan-judiciary-trump-docs-tweet_n_630f124ee4b0dc23bbed2a07,POLITICS,2.0,2,2,2,1,2,6,1
Mikhail Gorbachev's 1998 Pizza Hut Ad Resurfaces After His Death,https://www.huffpost.com/entry/mikhail-gorbachev-pizza-hut-ad_n_630e8d48e4b07744a2fb19f3,POLITICS,2.9,2,2,1,3,5,7,5
Republicans Ignore Trump's Hoarding Of Classified Documents,https://www.huffpost.com/entry/donald-trump-fbi-classified-republicans_n_630f5edfe4b065bfc4b3d2ac,POLITICS,4.0,4,4,5,4,3,7,2
‘Fox & Friends’ Host Questions Why Trump Kept Classified Documents At Mar-A-Lago,https://www.huffpost.com/entry/fox-news-steve-doocy-trump-classified-documents_n_630f8a35e4b07744a2fc6e7d,POLITICS,4.2,4,4,5,5,3,7,3
Stocks Dive For Truth Social SPAC Amid Merger Delay,https://www.huffpost.com/entry/stocks-dive-truth-social-spac-merger-digital-world_n_630d93f0e4b0dc23bbeb4140,POLITICS,2.4,3,2,2,1,2,7,3
Secret Service Official And Ex-Trump Aide Tony Ornato Retires Amid Jan. 6 Probe,https://www.huffpost.com/entry/anthony-ornato-retires-secret-service-trump-adviser_n_630dff01e4b065bfc4b20e38,POLITICS,3.3,3,3,3,3,4,7,2
House Members Are Using A Controversial Tool To Keep Campaigning. Has It Gone Too Far?,https://www.huffpost.com/entry/us-house-proxy-voting_n_630d0049e4b07744a2f92303,POLITICS,3.5,4,4,3,2,3,7,3
Lindsey Graham Warns Of 'Riots In Streets' If Trump Is Charged Over Classified Docs,https://www.huffpost.com/entry/lindsey-graham-warning-riots-trump-charged-classified-documents_n_630c2ab3e4b07744a2f82df7,POLITICS,4.0,4,4,5,4,3,7,2
Kash Patel Says His Life's In Danger Because He's In FBI Affidavit,https://www.huffpost.com/entry/kash-patel-claim-life-in-danger-fbi-mar-a-lago-affidavit_n_630ac58ae4b07744a2f79726,POLITICS,2.4,2,2,2,2,3,6,2
FBI Probing Russian-Speaking Fake Heiress Who Infiltrated Mar-A-Lago: Report,https://www.huffpost.com/entry/fake-heiress-trump-mar-a-lago-security-breach_n_630ae229e4b088f74234e48b,POLITICS,3.6,4,4,3,3,3,8,2
Don Jr. Posts 'Dick Pic' Of Dad After Affidavit Release: 'Redact This!',https://www.huffpost.com/entry/donald-trump-jr-dick-pic-fbi-serach-affidavit_n_63097b47e4b063d5e61b9a20,POLITICS,3.8,4,4,3,3,4,7,2
Trump Attorneys File Do-Over Motion Regarding Mar-A-Lago Search,https://www.huffpost.com/entry/trump-attorneys-file-do-over-motion-mar-a-lago-search-fbi_n_6309a543e4b065bfc4af0c30,POLITICS,3.6,4,2,5,4,3,7,3
Jared Kushner Blasts 'Nasty Troll' Chrissy Teigen For Attacks On Ivanka,https://www.huffpost.com/entry/jared-kushner-chrissy-teigen-nasty-troll-ivanka-trump_n_630958dfe4b088f742346aa3,POLITICS,2.0,2,2,1,1,2,7,3
Mar-A-Lago Search Affidavit: Trump Was Insecurely Storing Most Sensitive Intel At Club,https://www.huffpost.com/entry/trump-search-warrant-affidavit_n_6307f080e4b0787ab40879b5,POLITICS,5.4,6,4,7,6,5,7,3
"Donald Trump's Truth Social Reportedly Faces Major Money, Trademark Woes",https://www.huffpost.com/entry/truth-social-donald-trump-trademark_n_6308560fe4b063d5e61a0d70,POLITICS,3.5,3,3,4,3,4,7,2
Judge Temporarily Blocks North Dakota Trigger Law Banning Abortion,https://www.huffpost.com/entry/north-dakota-abortion-trigger-ban_n_6307e96de4b01068e14917c0,POLITICS,4.5,4,4,5,5,4,7,5
Gov. Brian Kemp Fights Subpoena In Georgia Election Probe,https://www.huffpost.com/entry/gov-brian-kemp-fights-subpoena-in-georgia-election-probe_n_63074a8fe4b0f7df9bb705d2,POLITICS,4.1,4,4,5,4,3,8,2
"Dan Goldman, Narrowly Leading In New York Democratic Primary, Declares Victory",https://www.huffpost.com/entry/dan-goldman-declares-victory-new-york-democratic-primary-house-seat_n_630595dae4b0e323a25a020a,POLITICS,2.4,2,2,2,2,2,7,5
Markwayne Mullin Wins Oklahoma Republican Primary To Succeed GOP Sen. Jim Inhofe,https://www.huffpost.com/entry/markwayne-mullin-wins-oklahoma-repubican-primary-senate_n_63054959e4b0f72c09dbbb56,POLITICS,2.1,2,2,2,1,2,7,3
Charlie Crist Wins Chance To Take On Florida Gov. Ron DeSantis And His $132 Million,https://www.huffpost.com/entry/crist-friend-desantis-florida_n_63050414e4b052615d7567db,POLITICS,3.5,4,4,3,2,3,7,4
IRS Launches Safety Review Amid Threats To Workers Linked To Conspiracy Theories,https://www.huffpost.com/entry/irs-safety-review-conspiracy-theories_n_6305bc35e4b0f7df9bb4f3dc,POLITICS,3.8,4,4,3,3,4,7,2
Student Loan Borrowers Await Biden Plan On Debt Forgiveness,https://www.huffpost.com/entry/biden-student-loans-borrowers-await-plan_n_6306459ee4b00c150d671219,POLITICS,6.6,6,6,7,6,5,7,7
Rusty Bowers Rips 'Fascism' Of GOP And Trump's Strong-Arm Tactics To Trash Vote,https://www.huffpost.com/entry/rusty-bowers-trump-giuiani-gop-election-coup-arizona_n_630405b8e4b0e323a257fcd2,POLITICS,2.8,2,2,3,3,3,7,4
"After Delay, Biden Readies Student Loan Help, Payment Pause",https://www.huffpost.com/entry/after-delay-biden-readies-student-loan-help-payment-pause_n_63054fc1e4b00c150d65c210,POLITICS,4.6,5,4,4,4,5,8,5
This Is The Bittersweet Part Of Democrats' Sweet Legislative Victory,https://www.huffpost.com/entry/child-care-paid-leave-inflation-reduction-act_n_630197cae4b0f7df9bb1045e,POLITICS,4.9,4,4,6,5,5,7,6
Teachers In Ohio's Largest School District Go On Strike,https://www.huffpost.com/entry/columbus-teachers-union-on-strike_n_6303c25ce4b052615d73b2bd,POLITICS,2.4,2,2,2,1,3,7,4
"Gas Prices Are Falling, But Global Events Could Cause Increase, Energy Secretary Warns",https://www.huffpost.com/entry/jennifer-granholm-gas-prices_n_630370e2e4b035629bfca7ed,POLITICS,4.5,5,6,4,3,3,8,4
"Judge Won't Block Georgia Ban On Bringing Food, Water To Voters In Line",https://www.huffpost.com/entry/bc-us-voting-rights-georgia_n_6300ef0ae4b052615d720564,POLITICS,3.8,4,4,4,3,3,8,3
Mike Pence Says He Did Not Take Classified Documents When He Left Office,https://www.huffpost.com/entry/pence-says-did-not-take-classified-material_n_6300e9ece4b0f7df9bb0d29a,POLITICS,2.7,2,2,3,2,3,7,5
Mitch McConnell Gives Downbeat Forecast On GOP Winning Senate,https://www.huffpost.com/entry/mitch-mcconnell-gop-senate-midterms_n_62ff545de4b071ea958ebfd3,POLITICS,3.9,4,4,5,3,3,7,3
Media To Ask Judge To Release Trump Search Warrant Affidavit,https://www.huffpost.com/entry/media-to-ask-judge-to-release-trump-search-warrant-affidavit_n_62fdf830e4b0638948305107,POLITICS,4.1,4,4,5,3,4,7,3
CDC Director To Overhaul Agency With COVID Shortcomings In Mind,https://www.huffpost.com/entry/cdc-rochelle-walensky-reset_n_62fd1241e4b0f48a02037714,POLITICS,6.2,5,6,7,6,4,8,7
Planned Parenthood To Spend Record $50 Million For Midterms,https://www.huffpost.com/entry/2022-election-planned-parenthood_n_62fcb4c9e4b071ea958b347c,POLITICS,6.3,6,6,7,7,6,8,4
NBA Won't Host Election Day Games In Effort To Increase Voter Turnout,https://www.huffpost.com/entry/nba-election-day-games_n_62fbd822e4b0a85a81969b0b,POLITICS,5.2,4,4,5,3,6,8,7
"Lindsey Graham Must Testify In Georgia Election Probe, Judge Says",https://www.huffpost.com/entry/georgia-election-investigation-lindsey-graham_n_62fa5353e4b0da517efa33cc,POLITICS,3.8,4,4,3,3,4,7,3
Sinema Took Wall Street Money While Killing Tax On Investors,https://www.huffpost.com/entry/kyrsten-sinema-campaign-donations_n_62f7c515e4b0526eaeeb1df9,POLITICS,3.9,4,4,5,3,3,6,3
"Over $2 Billion Announced For Roads, Bridges, Bike Lanes Across U.S.",https://www.huffpost.com/entry/over-2-billion-announced-for-roads-bridges-bike-lanes-across-us_n_62f6140be4b0da517ef78267,POLITICS,6.3,6,6,7,5,4,7,7
Democrats’ Inflation Reduction Act Expected To Do Little To Reduce Inflation,https://www.huffpost.com/entry/inflation-reduction-act-analysis_n_62f5bdcbe4b0288b61a325d0,POLITICS,4.5,4,4,6,5,3,7,5
"As Joe Biden Wins Mount, 2024 Doubts Ease For Top House Dems",https://www.huffpost.com/entry/carolyn-maloney-jerry-nadler-biden-2024_n_62f381ede4b001e175d911cc,POLITICS,3.2,3,4,3,2,2,7,5
Why The Justice Department Can’t Say More About The Mar-A-Lago Raid,https://www.huffpost.com/entry/justice-department-cant-say-more-about-mar-a-lago-raid_n_62f2a8ebe4b0f9d8c0213b04,POLITICS,4.1,4,4,3,4,5,7,2
Lawyer: Rudy Giuliani Won’t Testify Tuesday In Georgia Election Probe,https://www.huffpost.com/entry/giuliani-not-testifying-atlanta-trump-election-interference_n_62f25cb4e4b0133dd5b30763,POLITICS,4.2,4,4,5,4,4,7,3
Trump Said Wounded Veterans In Military Parades Didn’t 'Look Good' For Him: Book,https://www.huffpost.com/entry/trump-said-wounded-vets-in-military-parades-didnt-look-good-for-him-book_n_62f12ab8e4b0da5ec0f69062,POLITICS,2.2,2,2,1,2,3,7,1
Lindsey Graham Scolded For Senate Outburst At Maggie Hassan,https://www.huffpost.com/entry/lindsey-graham-marilyn-hassan_n_62f0dc75e4b0ecfe3f722a5e,POLITICS,1.8,2,2,1,1,1,8,1
"‘Come On, Bernie!’ Why Democrats Left Child Tax Credit Out Of The Inflation Reduction Act",https://www.huffpost.com/entry/bernie-sanders-child-tax-credit_n_62f14258e4b00f4cf23c8345,POLITICS,4.2,4,4,5,4,3,7,5
"57 Votes in the Senate: Enough For Private Equity, Not Enough For Diabetics",https://www.huffpost.com/entry/57-votes-in-the-senate-private-equity-diabetics_n_62f14d26e4b09d09a2c60edb,POLITICS,3.5,4,4,4,3,2,6,2
Biden Expresses Solidarity With Muslim Community After Albuquerque Killings,https://www.huffpost.com/entry/biden-response-muslim-shootings-new-mexico_n_62f016bae4b0c550161b1f9b,POLITICS,2.3,2,2,2,1,2,8,5
This Is The Most Underappreciated Part Of The Democratic Prescription Drug Bill,https://www.huffpost.com/entry/prescription-drug-medicare-part-d-cap_n_62ed95cde4b09fecea4e24d4,POLITICS,5.5,6,5,7,5,4,8,6
GOP Senators Refuse To Rule Out Supporting Donald Trump Again — Even If He's Indicted,https://www.huffpost.com/entry/gop-senate-trump_n_62ed7803e4b09fecea4e1124,POLITICS,5.1,4,5,6,5,6,7,2
CPAC Has A Special Exhibit: A Sobbing Jan. 6 Rioter In Jail,https://www.huffpost.com/entry/cpac-fake-jail-jan-6-rioter_n_62ed419fe4b0c5501619eace,POLITICS,2.1,2,2,1,1,3,7,2
Paul Pelosi Pleads Not Guilty To DUI Charges,https://www.huffpost.com/entry/paul-pelosi-dui-plea_n_62eaac2ce4b09d09a2c02cb0,POLITICS,1.8,2,2,1,1,1,7,2
"Senate Republicans Fold, Help Pass Veterans Health Bill After Blocking It",https://www.huffpost.com/entry/senate-republicans-veterans-health-bill-pact-act_n_62e97e2ee4b09d14dc4731d3,POLITICS,4.2,4,4,3,3,2,7,7
Arizona's Rusty Bowers Comes Out Against A 2024 Trump Bid,https://www.huffpost.com/entry/rusty-bowers-donald-trump-arizona-gop_n_62e7a6fbe4b00fd8d8411100,POLITICS,2.8,2,2,3,2,4,7,3
Challenger Suraj Patel’s Poll Shows Tightening Race In Key New York Primary,https://www.huffpost.com/entry/suraj-patel-new-york-12-primary-tightening_n_62e6b5a3e4b09d14dc439816,POLITICS,3.6,4,4,3,2,3,7,5
Vulnerable House Dems See Abortion As Winning Campaign Theme,https://www.huffpost.com/entry/vulnerable-house-dems-see-abortion-as-winning-campaign-theme_n_62e6847ee4b006483a9e59ea,POLITICS,3.9,4,4,5,3,3,6,3
Ex-DHS Aide Suggests She 'Went Very Public' Because She Didn't Trust Inspector General,https://www.huffpost.com/entry/olivia-troye-secret-service-texts-inspector-general_n_62e55c06e4b07f83766fc1ae,POLITICS,4.1,4,4,5,4,3,7,3
DHS Watchdog Fails To Notify Congress Over Missing Jan. 6 Texts Of 2 Trump Officials,https://www.huffpost.com/entry/dhs-jan-6-missing-texts_n_62e3a22ce4b07f83766e534f,POLITICS,4.3,4,4,5,5,4,7,2
Alabama Official Told Reporter Her Skirt Was Too Short To Witness An Execution,https://www.huffpost.com/entry/alabama-joe-nathan-james-jr-witness-skirt_n_62e41fcae4b07f83766f12fe,POLITICS,2.0,2,2,1,1,2,8,2
Democrats' Reconciliation Package The 'Biggest Climate Action In Human History',https://www.huffpost.com/entry/democrats-reconciliation-package-climate-provisions_n_62e2cecfe4b006483a9b8f8d,POLITICS,7.1,7,8,8,7,6,7,6
Deputy Kills Unarmed Black Man After Alleged Shoplifting From Houston Dollar General,https://www.huffpost.com/entry/roderick-brooks-shooting-fatal-houston_n_62e18fb0e4b09d14dc3ef013,POLITICS,3.1,3,2,4,3,3,7,2
GOP Sen. Joni Ernst Blocks Bill Protecting Right To Birth Control,https://www.huffpost.com/entry/contraception-abortion-roe_n_62e18598e4b07f83766b7e06,POLITICS,4.1,4,4,5,3,4,7,3
Rep. Marjorie Taylor Greene Is Eligible To Run For Reelection: Judge,https://www.huffpost.com/entry/marjorie-taylor-greene-reelection-judge_n_62e0371ee4b000da2405775a,POLITICS,2.1,2,2,2,1,2,6,3
"Steve Bannon Calls On '4,000 Shock Troops' To 'Deconstruct' The Government 'Brick By Brick'",https://www.huffpost.com/entry/steve-bannon-shock-troops-deconstructing-government-brick-by-brick_n_62df1131e4b0aad58d1e13ca,POLITICS,4.7,4,4,6,5,5,7,2
Political Ad Shows Doctor Asking Texas Gov. Greg Abbott If He'll Allow An Abortion,https://www.huffpost.com/entry/texas-gop-gov-greg-abbott-abortion-ad_n_62df1e1de4b0aad58d1e1df0,POLITICS,4.4,4,4,5,4,5,7,2
"Biden Improves 'Significantly,' Throat Still Sore From COVID",https://www.huffpost.com/entry/biden-covid-improves_n_62dda60ae4b0a6852c38f22d,POLITICS,3.5,4,4,3,2,2,8,5
Josh Hawley's Home State Newspaper Chides Him As 'Laughingstock',https://www.huffpost.com/entry/josh-hawley-national-laughingstock_n_62dc9f81e4b0aad58d1b7c9b,POLITICS,2.6,3,2,2,2,3,7,1
Kari Lake Walked Away From A Career In Journalism. Now She's Running For Governor By Bashing The Media.,https://www.huffpost.com/entry/kari-lake-donald-trump-arizona-governor_n_62d6e010e4b092a3f6c19b2a,POLITICS,2.6,2,2,3,2,3,6,3
195 House Republicans Voted Against Birth Control Protections,https://www.huffpost.com/entry/house-republicans-voted-against-birth-control-protections_n_62d84d4be4b03dbb9913f86d,POLITICS,5.5,4,5,6,5,4,7,7
"Herschel Walker Is A Messy Candidate, But The Georgia Senate Race Is Still A Toss-Up",https://www.huffpost.com/entry/herschel-walker-georgia_n_62d96194e4b0a6852c3512ef,POLITICS,3.5,4,4,3,2,3,7,3
Appeals Court Allows Georgia Abortion Law To Take Effect,https://www.huffpost.com/entry/us-abortion-georgia_n_62d86965e4b000da23fb589e,POLITICS,5.0,6,4,5,7,3,8,3
Biden Takes Modest Executive Action After Climate Agenda Stalls In Congress,https://www.huffpost.com/entry/biden-climate-executive-orders-agenda-stalls_n_62d75058e4b0a6852c30c61b,POLITICS,6.8,6,8,8,7,5,7,6
"Secret Service Can't Recover Jan. 6 Texts, National Archives Wants Probe",https://www.huffpost.com/entry/national-archives-deleted-secret-service-texts_n_62d6c6bbe4b008a2d03f1ac4,POLITICS,5.2,6,5,5,5,5,7,3
Jury Selection Begins In Trial Of Ex-Trump Adviser Steve Bannon,https://www.huffpost.com/entry/trial-expected-to-begin-for-ex-trump-adviser-steve-bannon_n_62d51ff6e4b0116f21bdb3ab,POLITICS,2.7,2,2,3,3,3,7,2
4 Killed After Gunman Opens Fire In Indiana Mall Food Court,https://www.huffpost.com/entry/indiana-mall-shooting-food-court_n_62d4af0be4b0116f21bd36e7,POLITICS,2.1,2,2,1,2,2,7,3
Republicans Begin To Sour On Aid To Ukraine,https://www.huffpost.com/entry/gop-ukraine-aid_n_62d5cc17e4b0f69130331d50,POLITICS,5.1,5,6,6,5,3,7,4
Republican Senate Candidate Charged With Making False Child Trafficking Allegations,https://www.huffpost.com/entry/republican-senate-candidate-maryland-false-child-trafficking_n_62d55189e4b0f69130322be3,POLITICS,1.9,2,2,1,1,2,7,1
Former FDA Commissioner: U.S. Has Probably ‘Failed To Contain’ Monkeypox,https://www.huffpost.com/entry/scott-gottlieb-monkeypox_n_62d4d7b4e4b0f691303159eb,POLITICS,5.6,6,6,7,5,4,8,3
Ohio Girl's Abortion Doctor Once Targeted In Vicious Kidnapping Threat: Report,https://www.huffpost.com/entry/caitlin-bernard-amy-coney-barrett-kidnapping-abortion-threat-organization_n_62d33382e4b0116f21bc80c4,POLITICS,3.5,4,4,3,2,3,7,3
Trump-Supporting GOP Congressman Faces Election Fraud Accusations,https://www.huffpost.com/entry/lee-zeldin-election-fraud-accusations_n_62d3a3dce4b0ed8ba4901eb9,POLITICS,2.3,2,2,2,1,3,8,2
Senator Ted Cruz Says Supreme Court Was Wrong In Same-Sex Marriage Ruling,https://www.huffpost.com/entry/ted-cruz-obergefell-decision-wrong-roe-wade_n_62d42765e4b0116f21bcf44c,POLITICS,5.1,4,5,6,6,5,7,3
Watchdog Says Secret Service Deleted Jan. 6 Text Messages,https://www.huffpost.com/entry/secret-service-deleted-text-messages-capitol-riot-investigation_n_62d0c289e4b04aa0fe659edf,POLITICS,4.9,6,4,5,5,4,8,3
GOP No Longer Cares About The Deficit If It Means Women Having More Babies,https://www.huffpost.com/entry/medicaid-dobbs_n_62d093d4e4b0be7955b1a16a,POLITICS,4.1,4,4,5,4,3,8,3
John Fetterman Recruits Snooki To Take Some 'Jersey Shore' Shots At Dr. Oz,https://www.huffpost.com/entry/snooki-dr-oz-new-jersey-video_n_62d0fd09e4b02d3ecf31f242,POLITICS,2.2,2,2,1,1,3,6,5
Rep. Marjorie Taylor Greene Says Rep. Alexandria Ocasio-Cortez Should Thank Her Sexual Harasser,https://www.huffpost.com/entry/ocasio-cortez-taylor-greene-harassment_n_62d113bbe4b04aa0fe660bab,POLITICS,1.9,2,2,1,1,2,7,1
Puerto Ricans Desperate For Water After Hurricane Fiona’s Rampage,https://www.huffpost.com/entry/puerto-rico-water-hurricane-fiona_n_632bdfd8e4b0d12b54014e13,WORLD NEWS,5.1,6,6,5,5,3,7,3
Biden At UN To Call Russian War An Affront To Body's Charter,https://www.huffpost.com/entry/biden-un-russian-war-an-affront-to-bodys-charter_n_632ad9e3e4b0bfdf5e1bf5f7,WORLD NEWS,5.0,5,6,5,5,4,7,3
World Cup Captains Want To Wear Rainbow Armbands In Qatar,https://www.huffpost.com/entry/bc-soc-wcup-captains-armbands_n_632b1c98e4b0913a3dd7554a,WORLD NEWS,4.6,4,4,5,4,5,7,6
Man Sets Himself On Fire In Apparent Protest Of Funeral For Japan's Abe,https://www.huffpost.com/entry/man-sets-fire-protest-abe-funeral_n_632ae462e4b07198f0146afd,WORLD NEWS,3.2,3,4,3,2,3,7,2
Fiona Threatens To Become Category 4 Storm Headed To Bermuda,https://www.huffpost.com/entry/fiona-threatens-to-become-category-4-storm-headed-to-bermuda_n_632ad1cae4b07198f0143244,WORLD NEWS,4.7,6,5,5,4,3,7,3
Russian Cosmonaut Valery Polyakov Who Broke Record With 437-Day Stay In Space Dies At 80,https://www.huffpost.com/entry/valery-polyakov-dies_n_6329d497e4b0913a3dd5336c,WORLD NEWS,6.2,4,5,6,7,6,8,7
4 Russian-Controlled Ukrainian Regions Schedule Votes This Week To Join Russia,https://www.huffpost.com/entry/russian-controlled-ukrainian-regions-referendum_n_6329d53ae4b07198f012f023,WORLD NEWS,5.8,6,6,7,6,5,7,2
Fiona Barrels Toward Turks And Caicos Islands As Category 3 Hurricane,https://www.huffpost.com/entry/hurricane-fiona-barrels-toward-turks-and-caicos-islands_n_63298597e4b0ed991abcacf9,WORLD NEWS,3.5,4,4,3,2,3,8,3
Hurricane Fiona Bears Down On Dominican Republic After Pounding Puerto Rico,https://www.huffpost.com/entry/hurricane-fiona_n_63281718e4b0ed021dfe4ff0,WORLD NEWS,5.1,6,6,5,4,4,7,2
World Leaders Pay Respects To Queen Elizabeth II,https://www.huffpost.com/entry/queen-elizabeth-ii-world-leaders-funeral_n_63271396e4b046aa02404259,WORLD NEWS,4.6,4,5,3,6,4,8,4
Man Charged With Exposing Himself To Mourners Waiting To View Queen Elizabeth,https://www.huffpost.com/entry/man-arrested-exposure-assault-queens-mourners-london_n_63254f41e4b0ed021dfd40a6,WORLD NEWS,1.9,2,2,1,1,2,7,1
WHO Raises Alarm On Disease In Flood-hit Areas Of Pakistan,https://www.huffpost.com/entry/bc-as-pakistan-floods_n_63260f56e4b027aa4066b0f6,WORLD NEWS,5.0,6,6,5,4,3,8,3
"Bill Richardson Visits Moscow As Brittney Griner, Paul Whelan Remain Jailed",https://www.huffpost.com/entry/bill-richardson-russia_n_6321a027e4b0eac9f4dcaef1,WORLD NEWS,3.6,3,4,4,3,3,7,4
Last Reactor At Ukraine's Zaporizhzhia Nuclear Plant Stopped,https://www.huffpost.com/entry/russia-ukraine-war-nuclear-plant-reactor-stopped_n_631dc78de4b082746be0b33c,WORLD NEWS,5.9,6,6,7,6,5,8,3
Russia Says It's Pulling Back Forces From Ukraine's Kharkiv Region,https://www.huffpost.com/entry/bc-eu-russia-ukraine-war_n_631caa67e4b0ed021df310a8,WORLD NEWS,5.1,6,5,5,5,4,8,3
Ukraine Claws Back Some Territory; Nuclear Plant In Peril,https://www.huffpost.com/entry/ukraine-forces-success-counteroffensive-russia_n_631c89cce4b082746be0286c,WORLD NEWS,4.8,6,5,5,4,3,8,3
'Our Hearts Are Broken': Historic Front Pages Mark The Queen's Death,https://www.huffpost.com/entry/newspaper-front-pages-mark-the-queens-death_n_631b09e1e4b0eac9f4d64686,WORLD NEWS,5.2,4,6,4,7,5,7,3
UN Chief Asks World For 'Massive' Help In Flood-Hit Pakistan,https://www.huffpost.com/entry/antonio-guterres-pakistan-floods_n_631b47c7e4b027aa405b2142,WORLD NEWS,5.0,6,4,6,5,4,8,3
At Least 32 Dead In Fire At Karaoke Parlor In South Vietnam,https://www.huffpost.com/entry/ap-as-vietnam-karaoke-fire_n_6319c41be4b0ed021def2c70,WORLD NEWS,2.0,2,2,1,1,2,7,2
"Shelling Goes On Near Ukraine Nuclear Plant, Despite Risks",https://www.huffpost.com/entry/shelling-goes-on-near-ukraine-nuclear-plant-despite-risks_n_6318769ce4b027aa405646dd,WORLD NEWS,6.3,7,6,8,7,5,7,2
"U.S.: Russia To Buy Rockets, Artillery Shells From North Korea",https://www.huffpost.com/entry/us-russia-to-buy-rockets-artillery-shells-from-north-korea_n_6316ba7fe4b0ed021deaa7c1,WORLD NEWS,5.0,6,5,5,5,4,7,3
Pakistan's Largest Natural Lake Is Rising To Dangerous Levels Due To Monsoon,https://www.huffpost.com/entry/pakistan-floods-lake-swelling_n_6314c328e4b046aa022b3d8c,WORLD NEWS,4.5,6,4,5,3,4,7,2
Putin Plans To Snub Gorbachev's Funeral,https://www.huffpost.com/entry/putin-snubs-gorbachev-funeral_n_6312499ce4b09e34c39504ef,WORLD NEWS,3.2,2,2,3,6,3,7,2
"Pakistan Flooding Deaths Pass 1,000 In 'Climate Catastrophe'",https://www.huffpost.com/entry/pakistan-flooding-passes-1000-climate-catastrophe_n_630b7ef0e4b063d5e61c54de,WORLD NEWS,6.0,6,6,7,6,6,7,2
"6 Missing College Students In Mexico Were Held In Warehouse, Killed By Army",https://www.huffpost.com/entry/bc-lt-mexico-missing-students_n_630a2a08e4b0dc23bbe911fc,WORLD NEWS,4.4,4,4,3,5,6,8,2
"6 Months Into War, Russian Goods Still Flowing To U.S.",https://www.huffpost.com/entry/us-still-trading-with-russia_n_63073ff9e4b0f7df9bb6ef30,WORLD NEWS,5.0,6,5,5,5,4,7,3
Japan’s National Police Chief To Resign Over Shinzo Abe Assassination,https://www.huffpost.com/entry/japan-police-chief-resign-shinzo-abe_n_6307171ae4b0f72c09ddc7d7,WORLD NEWS,4.1,4,4,3,5,4,8,2
UK Broadcaster To Air Satirical Musical On Prince Andrew,https://www.huffpost.com/entry/prince-andrew-satirical-musical_n_63037be8e4b035629bfcbe26,WORLD NEWS,2.3,2,2,1,1,3,7,5
"Ukraine: 9,000 Of Its Troops Killed Since Russia Began War",https://www.huffpost.com/entry/russia-ukraine-war-deaths_n_6303a700e4b0e323a2578a86,WORLD NEWS,5.0,6,5,5,5,4,8,1
Police File Terrorism Charges Against Pakistan's Ex-Premier Imran Khan,https://www.huffpost.com/entry/police-file-terrorism-charges-against-pakistans-ex-premier-imran-khan_n_63034c88e4b052615d730757,WORLD NEWS,3.7,4,4,4,3,3,7,2
"Trans Woman Can't Be Considered Parent Of Her Own Child, Rules Tokyo Court",https://www.huffpost.com/entry/trans-woman-parent-japanese-court_n_630066e2e4b00c150d61b12d,WORLD NEWS,4.0,4,4,5,3,4,7,2
State Dept. 'Studying' 34-Year Sentence Of Saudi Woman Over Twitter Use,https://www.huffpost.com/entry/state-dept-saudi-woman-sentence-twitter_n_62fe1273e4b0a85a819925e6,WORLD NEWS,4.1,4,4,5,3,4,8,2
Syria Denies It Is Holding American Journalist Austin Tice,https://www.huffpost.com/entry/syria-denies-it-is-holding-american-journalist-austin-tice_n_62fcb9dae4b06389482ea692,WORLD NEWS,3.6,4,4,3,3,3,7,2
New Law Makes Period Products Free For All In Scotland,https://www.huffpost.com/entry/bc-eu-britain-scotland-period-products_n_62fbd14de4b077bb77a6591d,WORLD NEWS,5.5,4,4,5,5,6,7,9
Afghanistan Marks One-Year Anniversary Since Taliban Takeover,https://www.huffpost.com/entry/afghanistan-taliban-year-anniversary-poverty-womens-no-rights_n_62fb0efbe4b077bb77a53c99,WORLD NEWS,4.7,5,6,4,5,3,8,2
Iran Denies Involvement But Justifies Salman Rushdie Attack,https://www.huffpost.com/entry/iran-denies-involvement-but-justifies-salman-rushdie-attack_n_62fa275ee4b095e78881df24,WORLD NEWS,4.3,4,4,5,5,4,7,2
Lawyers Appeal Brittney Griner's Russian Prison Sentence,https://www.huffpost.com/entry/lawyers-appeal-brittney-griners-russian-prison-sentence_n_62fa1bb7e4b045e6f6aef6fb,WORLD NEWS,3.1,3,4,3,2,2,7,3
Palestinian Gunman Wounds 8 In Late-Night Jerusalem Shooting,https://www.huffpost.com/entry/israel-palestinian-gunman-jerusalem-shooting_n_62f8e0a5e4b0288b61a569f9,WORLD NEWS,3.7,4,4,4,3,3,7,2
Officials: Fire At Coptic Church In Cairo Kills 41,https://www.huffpost.com/entry/egypt-cairo-coptic-church-fire_n_62f8deade4b045e6f6ae64b6,WORLD NEWS,2.8,4,2,2,2,3,7,2
"Salman Rushdie 'On The Road To Recovery,' Agent Says",https://www.huffpost.com/entry/salman-rushdie-recover_n_62f90817e4b0288b61a57374,WORLD NEWS,4.9,5,6,4,6,3,8,2
Stranded Whale Euthanized After Removal From French River,https://www.huffpost.com/entry/stranded-whale-out-of-seine-river-to-be-moved-to-saltwater_n_62f37113e4b0acf9d0033e8e,WORLD NEWS,1.8,2,2,1,1,1,7,2
"Over 120 Injured, Several Missing In Massive Cuban Oil Facility Fire",https://www.huffpost.com/entry/cuba-oil-facility-fire-lightning-strike_n_62ef2a1ee4b0c550161aba3c,WORLD NEWS,3.8,4,4,3,3,4,7,2
Giant Sinkhole Swallows Chilean Land Owned By Canadian Mining Company,https://www.huffpost.com/entry/tierra-amarilla-sinkhole_n_62ea6cd1e4b09d09a2bfb524,WORLD NEWS,3.4,4,4,3,2,3,7,2
Volcano Near Iceland’s Main Airport Erupts Again,https://www.huffpost.com/entry/iceland-volcano-erupts-airport_n_62eaa5d1e4b0da5ec0f0c8ba,WORLD NEWS,3.7,4,4,3,3,3,6,5
Report: Prince Charles' Charity Got Donation From Bin Ladens,https://www.huffpost.com/entry/prince-charles-charity-donation-from-bin-ladens_n_62e6836ee4b0c60a5669187c,WORLD NEWS,3.5,3,4,3,3,4,7,2
The Race To Replace Boris Johnson As Prime Minister Is Down To These 2 Candidates,https://www.huffpost.com/entry/uk-prime-minister-rishi-sunak-liz-truss_n_62d90ec8e4b03dbb9914fefa,WORLD NEWS,3.6,4,4,3,2,3,7,5
At Least 15 Killed In South Africa Bar Shooting,https://www.huffpost.com/entry/south-africa-bar-shooting-soweto_n_62ca8df7e4b04516846385a5,WORLD NEWS,2.8,4,2,2,2,3,8,1
"Sri Lanka President, Prime Minister To Resign Amid Civil Unrest",https://www.huffpost.com/entry/prime-minister-ranil-wickremesinghe-sri-lanka-quit_n_62c98ef3e4b02e0ac914b425,WORLD NEWS,4.7,5,4,5,4,5,8,3
No One Gored In First Pamplona Running Of The Bulls In 3 Years,https://www.huffpost.com/entry/first-pamplona-running-of-the-bulls-in-3-years_n_62c6efc6e4b06e3d9bb25067,WORLD NEWS,2.0,2,2,1,1,2,8,3
"UK Royals’ Spending Up 17%, Mostly For Palace Overhaul Costs",https://www.huffpost.com/entry/uk-royals-spending-costs_n_62bdbc43e4b0ffe00a0ee84b,WORLD NEWS,3.1,3,4,2,2,3,7,2
"Former Nazi Guard, 101, Jailed In Germany For Aiding Murder",https://www.huffpost.com/entry/josef-s-nazi-concentration-guard-sentenced_n_62baf56fe4b080fb670a5c6e,WORLD NEWS,3.7,2,2,2,6,6,8,5
REI Workers At Berkeley Store Vote To Unionize In Another Win For Labor,https://www.huffpost.com/entry/rei-workers-berkeley-store-union_n_6307a5f4e4b0f72c09ded80d,BUSINESS,3.1,2,2,3,3,4,8,5
Twitter Lawyer Calls Elon Musk 'Committed Enemy' As Judge Sets October Trial,https://www.huffpost.com/entry/twitter-elon-musk-trial-october_n_62d7c115e4b000da23f9c7df,BUSINESS,3.9,3,4,5,4,3,8,3
"Starbucks Leaving Russian Market, Shutting 130 Stores",https://www.huffpost.com/entry/starbucks-leaves-russian-market-shuts-stores_n_628b9804e4b05cfc268f4413,BUSINESS,3.7,4,4,3,3,3,7,5
Crypto Crash Leaves Trading Platform Coinbase Slumped,https://www.huffpost.com/entry/coinbase-crypto-slumping_n_627c5582e4b0b74b0e7ed621,BUSINESS,4.6,4,4,6,4,5,7,3
"US Added 428,000 Jobs In April Despite Surging Inflation",https://www.huffpost.com/entry/us-april-jobs-report-2022_n_627517dfe4b009a811c295ec,BUSINESS,4.0,4,4,5,3,3,7,5
"For The Starbucks Union Campaign, A Bruising Contract Fight Is Just Beginning",https://www.huffpost.com/entry/starbucks-union-campaign-contract-fight_n_6259c871e4b066ecde1350f0,BUSINESS,4.2,4,4,5,4,3,7,5
Elon Musk Offers To Buy 100% Of Twitter,https://www.huffpost.com/entry/elon-musk-offer-buy-twitter_n_6257f589e4b0723f8015dc78,BUSINESS,5.1,4,6,5,4,6,7,4
Alaska Airlines Cancels Dozens Of Flights As Pilots Picket,https://www.huffpost.com/entry/alaska-airlines-cancels-flights-pilot-strike_n_62477517e4b0e44de9c20d16,BUSINESS,3.5,4,4,3,2,3,8,3
Starbucks Workers In Seattle Vote To Form Union,https://www.huffpost.com/entry/starbucks-workers-in-seattle-vote-to-form-union_n_623a6d70e4b019fd81344cd6,BUSINESS,4.6,5,4,5,3,5,7,6
3 More Starbucks Stores Vote To Unionize In Another Victory For Labor Campaign,https://www.huffpost.com/entry/more-starbucks-stores-vote-to-unionize-victory-labor-campaign_n_622925e8e4b0fe0944d0a44d,BUSINESS,4.6,4,4,5,4,5,8,6
"Shell Says It Will Stop Buying Russian Oil, Natural Gas",https://www.huffpost.com/entry/ap-eu-russia-ukraine-war-energy_n_62273f7ee4b0dd8abd58b836,BUSINESS,4.8,5,6,5,4,3,7,5
"U.S. Added 678,000 Jobs In February As Omicron Eases",https://www.huffpost.com/entry/february-2022-jobs-report_n_6222140ae4b012a262898f05,BUSINESS,4.6,4,4,5,3,3,7,7
Another Starbucks Store Votes To Unionize,https://www.huffpost.com/entry/another-starbucks-store-votes-to-unionize_n_620d1275e4b0685128b0646b,BUSINESS,4.7,4,4,6,5,4,8,5
Russian Military Action In Ukraine Causes Oil Prices To Soar,https://www.huffpost.com/entry/world-markets-russia-ukraine_n_62171853e4b0f800ce1bed3a,BUSINESS,5.6,6,6,6,5,5,7,3
"Stocks Climb Back After Steep Slide On Fed, Ukraine Jitters",https://www.huffpost.com/entry/dow-drops-financial-markets_n_61eeed38e4b05788adbdb734,BUSINESS,3.6,4,4,3,2,3,7,5
Holiday Sales Rise Despite Supply Issues And Omicron,https://www.huffpost.com/entry/holiday-sales-rise-despite-supply-issues-omicron_n_61c8d1fee4b0d637ae8de4e5,BUSINESS,3.2,3,4,3,2,2,7,6
Low-Profile Ransomware Attacks Continue As High-Profile Cases Slow,https://www.huffpost.com/entry/ransomware-attacks-russia-putin_n_61be4bd1e4b0d637ae8261c2,BUSINESS,4.3,4,5,6,3,3,7,3
Stores Kick Off Black Friday But Pandemic Woes Linger,https://www.huffpost.com/entry/bc-us-black-friday-shopping_n_61a0b683e4b0ae9a42ad1959,BUSINESS,3.6,4,4,3,2,3,7,5
Flight Attendants At American Airlines Subsidiary Threaten To Strike,https://www.huffpost.com/entry/flight-attendants-american-airlines-piedmont-authorize-strike_n_61707acee4b079111a525f4a,BUSINESS,3.5,4,4,3,2,3,7,3
Climate Poses Many Threats To U.S. Financial System & Natural Gas May Be Major Risk,https://www.huffpost.com/entry/financial-stability-oversight-council-climate-change-report_n_6171dec7e4b0931432088ba3,BUSINESS,7.1,7,8,8,7,6,8,4
Watch Consumer Reports Trick A Tesla Into Driving Without A Driver,https://www.huffpost.com/entry/tesla-elon-musk-autopilot-self-driving-china_n_608377a1e4b02e74d21998b8,BUSINESS,4.8,5,4,6,4,5,7,3
GameStop Soars Again; Wall Street Bends Under The Pressure,https://www.huffpost.com/entry/gamestop-soars-stock-market-wall-street_n_60149d28c5b653f644d3cf87,BUSINESS,4.5,4,4,5,3,6,7,5
Pivotal Union Election Moves Ahead At Amazon Warehouse In Alabama,https://www.huffpost.com/entry/union-election-moves-ahead-at-amazon-warehouse_n_6001ef71c5b6efae62f87d30,BUSINESS,4.2,4,4,5,4,3,7,6
Coal Company Officials Plead Guilty After Hiding Black Lung Dangers,https://www.huffpost.com/entry/coal-company-officials-plead-guilty-after-hiding-black-lung-dangers_n_5fff3704c5b6c77d85ec5d4e,BUSINESS,3.6,4,4,3,3,3,7,2
Child Labor In Palm Oil Industry Tied To Girl Scout Cookies,https://www.huffpost.com/entry/palm-oil-child-labor-tied-to-girl-scout-cookies_n_5feb3a97c5b6e1ce833ca2d8,BUSINESS,5.7,6,6,7,5,5,7,3
"Twitch Bans Gambling Sites After Streamer Scams Folks Out Of $200,000",https://www.huffpost.com/entry/twitch-streamers-threaten-strike-gambling_n_632a72bce4b0cd3ec2628b20,TECH,4.1,4,4,5,3,3,8,5
TikTok Search Results Riddled With Misinformation: Report,https://www.huffpost.com/entry/bc-us-tiktok-misinformation_n_6321c9b0e4b027aa40614814,TECH,5.5,5,6,7,5,5,6,3
Citing Imminent Danger Cloudflare Drops Hate Site Kiwi Farms,https://www.huffpost.com/entry/cloudflare-kiwi-farms_n_6315993ae4b0eac9f4ce0ba1,TECH,4.6,4,4,5,4,5,7,6
Instagram And Facebook Remove Posts Offering Abortion Pills,https://www.huffpost.com/entry/instagram-facebook-remove-posts-offering-abortion-pills_n_62bac62fe4b080fb6709dfbe,TECH,5.9,5,6,6,7,6,8,3
Google Engineer On Leave After He Claims AI Program Has Gone Sentient,https://www.huffpost.com/entry/blake-lemoine-lamda-sentient-artificial-intelligence-google_n_62a5613ee4b06169ca8c0a2e,TECH,7.0,6,6,8,7,9,7,5
Facebook Is Still Allowing Mug Shots Even Though They Can Ruin Lives,https://www.huffpost.com/entry/mug-shots-ruin-lives-facebook_n_627a9457e4b0d7ea4cd31ad7,TECH,3.9,4,4,5,3,3,7,3
Ex-Twitter CEO Dings Elon Musk For Attacks On Twitter's Top Lawyer,https://www.huffpost.com/entry/ex-twitter-ceo-dings-elon-musk-for-attacks-on-twitters-top-lawyer_n_62699d3ae4b029505ded91e2,TECH,3.7,3,4,4,3,4,7,2
Investor Sues Elon Musk Over His Delayed Twitter Filing,https://www.huffpost.com/entry/elon-musk-mark-rasella-twitter-class-action-suit_n_6255fc32e4b0be72bfefd401,TECH,2.3,2,2,2,1,3,7,3
Cyberattacks Accompany Russian Military Assault On Ukraine,https://www.huffpost.com/entry/ukraine-russia-cyberattacks_n_62172428e4b0ef74d72ac34d,TECH,5.3,5,6,6,5,5,7,2
"Under Pressure, Apple Will Allow Self-Repairs To iPhones, Macs",https://www.huffpost.com/entry/apple-self-repair-iphone-mac_n_61959749e4b044a1cc01e614,TECH,5.4,4,4,6,5,5,7,7
"Pentagon Gives Microsoft $10 Billion 'War Cloud' Deal, Snubbing Amazon",https://www.huffpost.com/entry/pentagon-government-contract-microsoft-amazon_n_5db3b92ee4b079eb95a3d047,TECH,5.3,6,4,6,6,4,8,5
Marc Benioff: Facebook Is ‘The New Cigarettes' And Should Probably Be Broken Up,https://www.huffpost.com/entry/mark-benioff-facebook-broken-up_n_5da7ab2ce4b034f1d69cc7d1,TECH,6.0,6,6,7,5,6,7,4
Uber To Start Banning Riders With Low Ratings,https://www.huffpost.com/entry/uber-passenger-rating-too-low-deactivated_n_5cee9d51e4b0793c2348dd3b,TECH,3.9,4,4,3,3,4,7,5
Facebook Bans White Nationalism And White Separatism Content After Mosque Shootings,https://www.huffpost.com/entry/facebook-white-nationalism_n_5c9c83e0e4b072a7f60516b1,TECH,6.5,6,8,7,6,5,7,6
Microsoft Workers Protest Use Of HoloLens Headsets For War,https://www.huffpost.com/entry/microsoft-workers-protest-hololens-headsets-war-reality_n_5c71f6ace4b03cfdaa55e0ee,TECH,5.0,5,5,6,4,5,7,3
Apple To Pay Teen Who Uncovered FaceTime Eavesdropping Bug,https://www.huffpost.com/entry/facetime-bug-reward_n_5c5e91e7e4b0910c63f0ab33,TECH,3.4,4,2,3,2,4,7,6
Apple Cracks Down On Apps That Quietly Record Users' Screen Time,https://www.huffpost.com/entry/apple-apps-record-user-activity_n_5c5c3823e4b00187b558e8dc,TECH,4.4,4,5,5,3,4,7,5
Apple Delays FaceTime Update After Eavesdropping Bug Fiasco,https://www.huffpost.com/entry/apple-facetime-bug-update_n_5c556814e4b09293b20472b9,TECH,3.5,4,4,3,2,3,7,4
FaceTime Users Urged To Disable App Over Eavesdropping Bug,https://www.huffpost.com/entry/facetime-bug-iphone_n_5c4fe054e4b0d9f9be687913,TECH,4.6,5,5,4,3,5,7,4
Fuel Leak Ruins NASA's 2nd Shot At Launching New Moon Rocket,https://www.huffpost.com/entry/fuel-leak-ruins-nasa-launch-moon-artemis_n_63137247e4b0eac9f4cd4aa2,SCIENCE,5.6,4,6,7,6,5,8,5
'Safety Is Always First': NASA Reschedules Artemis Moon Mission To Saturday,https://www.huffpost.com/entry/nasa-artemis-moon-mission_n_630d7530e4b063d5e61e0179,SCIENCE,6.6,5,6,7,6,6,8,7
Chinese Rocket Debris Makes Out-Of-Control Fall Back To Earth,https://www.huffpost.com/entry/china-rocket-debris-falling-back-earth_n_62e5e68fe4b09d14dc434a52,SCIENCE,4.4,4,6,5,3,4,7,1
Ancient Tomb Linked By Legend To King Arthur To Be Excavated For First Time,https://www.huffpost.com/entry/arthurs-stone-excavation_n_62cd0843e4b02e0ac9186325,SCIENCE,3.6,2,2,4,4,5,8,6
‘Galaxy Gazing Is The New Stargazing’: Cosmologists Awed By First Webb Image,https://www.huffpost.com/entry/james-webb-space-telescope-first-image_n_62ccdce8e4b06e3d9bb97540,SCIENCE,8.3,6,8,9,8,8,8,9
"‘Explorer’ Eagle Finds A Home In Coastal Maine, Far From Its Native Asia",https://www.huffpost.com/entry/stellers-sea-eagle-maine_n_61e703c0e4b05645a6ed3406,SCIENCE,2.4,2,2,1,1,3,8,6
No Life On Martian Meteorite Found In Antarctica In 1996,https://www.huffpost.com/entry/martian-meteorite-antarctica-no-life_n_61e087a0e4b04bd27ed6f4ad,SCIENCE,5.4,4,6,5,5,6,8,6
"Rare Sea Eagle, Native To Asia, Turns Up In Massachusetts",https://www.huffpost.com/entry/stellars-sea-eagle-massachusetts_n_61c2011be4b0c7d8b89548ca,SCIENCE,2.4,2,2,1,1,3,8,6
"Space Junk Too Risky For Astronaut, Spacewalk Delayed",https://www.huffpost.com/entry/nasa-spacewalk-delayed_n_61a6a4a3e4b025be1aefff74,SCIENCE,4.5,4,4,5,3,6,8,3
"In Quiet Debut, Alzheimer's Drug Rollout Slowed By Questions, Skepticism",https://www.huffpost.com/entry/alzheimers-drug-skepticism-aduhelm_n_616c3d4de4b00cb3cbd41fcf,SCIENCE,5.0,4,4,6,5,6,7,5
"Virgin Galactic’s Richard Branson Blasts Off, Reaches Edge Of Space",https://www.huffpost.com/entry/richard-branson-virgin-galactic_n_60eaefe8e4b09f0145f3d064,SCIENCE,6.4,5,6,7,6,8,8,6
Surprise China 'Dragon Man' Skull Indicates Species Could Be Our Closest Kin,https://www.huffpost.com/entry/dragon-man-homo-sapiens-surprise-relative-human-china_n_60d7e990e4b0b9db2497283e,SCIENCE,4.8,3,4,6,6,5,8,5
Scientists Stumped By Creepy Sidewalk 'Wormnado',https://www.huffpost.com/entry/worm-cyclone-wormnado-new-jersey-mystery_n_6068f96cc5b66c4ab6b352a4,SCIENCE,2.8,2,2,2,1,5,7,5
NASA Uses Navajo Language To Name Rocks And Other Features Of Mars,https://www.huffpost.com/entry/nasa-mars-navajo-names_n_604be458c5b672fce4eca2d8,SCIENCE,6.7,4,8,6,5,7,8,7
Parachute For Mars Rover Mars Contains A Secret Message,https://www.huffpost.com/entry/mars-rover-parachute-secret-message_n_603598e4c5b6c0f82b491d9f,SCIENCE,4.7,4,5,5,3,5,8,6
Arab Spacecraft Enters Orbit Around Mars In Historic Flight,https://www.huffpost.com/entry/uae-mars-mission-amal-historic-orbit_n_6022b942c5b689330e330f01,SCIENCE,6.5,5,6,7,6,6,7,7
"Johnson & Johnson 1-Dose Shot Prevents COVID-19, But Less Than Some Others",https://www.huffpost.com/entry/johnson-johnson-1-dose-shot-coronavirus_n_60140744c5b622df90f29788,SCIENCE,8.5,8,9,9,8,6,7,8
Moon Holds Much More Water Than Previously Believed,https://www.huffpost.com/entry/water-moon-surface_n_5f972df3c5b63fd49cef2155,SCIENCE,8.0,6,8,9,8,7,7,8
New Hampshire Woman Gets New Face For Second Time In 10 Years,https://www.huffpost.com/entry/carmen-blandin-tarleton-2nd-face-transplant_n_5f2da3d8c5b6e96a22b255ac,SCIENCE,4.3,2,2,4,5,5,7,7
Golden Globes Returning To NBC In January After Year Off-Air,https://www.huffpost.com/entry/golden-globes-return-nbc_n_6329f151e4b0ed991abda7f3,ENTERTAINMENT,2.6,2,2,2,2,3,8,4
James Cameron Says He 'Clashed' With Studio Before 'Avatar' Release,https://www.huffpost.com/entry/james-cameron-fought-studio-avatar_n_63268723e4b046aa02400678,ENTERTAINMENT,3.0,2,2,3,4,3,6,5
Amazon Greenlights 'Blade Runner 2099' Limited Series Produced By Ridley Scott,https://www.huffpost.com/entry/blade-runner-2099-series-announced_n_63247adfe4b027aa40656cc0,ENTERTAINMENT,4.0,2,5,3,5,4,8,5
'The Phantom Of The Opera' To Close On Broadway Next Year,https://www.huffpost.com/entry/the-phantom-of-the-opera-to-close-on-broadway-next-year_n_6324ef40e4b082746bea3ce3,ENTERTAINMENT,2.3,1,2,2,3,2,7,5
Viola Davis Feared A Heart Attack During 'The Woman King' Training,https://www.huffpost.com/entry/viola-davis-woman-king-heart-attack_n_6322f795e4b000d988585229,ENTERTAINMENT,2.6,2,2,2,2,3,7,5
Kim Kardashian's Next Boyfriend Could Be A Biochemist,https://www.huffpost.com/entry/kim-kardashian-biochemist-james-corden_n_63232a26e4b0ed021dfa43b2,ENTERTAINMENT,2.1,2,2,1,1,2,7,5
Podcasters Offer $100K Reward For Information On 2Pac’s Killers,https://www.huffpost.com/entry/podcasters-offer-100k-reward-for-info-on-2pacs-killers_n_63235716e4b046aa023d0e5d,ENTERTAINMENT,2.4,2,2,1,2,3,7,4
"Cardi B Donates $100,000 To Her Old Middle School In The Bronx",https://www.huffpost.com/entry/cardi-b-bronx-school-donation_n_6321cab4e4b046aa023a875c,ENTERTAINMENT,3.2,2,2,2,2,3,7,8
Emmy Awards Viewership Dips To A Record-Low As Its Audience Continues To Drop,https://www.huffpost.com/entry/2022-emmys-ratings-record-low_n_63215868e4b000d988560a39,ENTERTAINMENT,2.0,2,2,1,1,2,7,3
"Jean-Luc Godard, Pioneering French Filmmaker, Dies",https://www.huffpost.com/entry/jean-luc-godard-dies_n_5894d457e4b0c1284f25dc10,ENTERTAINMENT,4.2,2,4,3,7,5,8,4
James Cameron Presents New Scenes From 'Avatar: The Way Of Water' At D23 Expo,https://www.huffpost.com/entry/james-cameron-avatar-sequel-footage_n_631d0697e4b046aa02358cbf,ENTERTAINMENT,3.4,2,2,3,4,5,7,6
Watch Harry Styles Pay Tribute To Queen Elizabeth II At NYC Concert,https://www.huffpost.com/entry/harry-styles-queen-elizabeth-ii-concert-tribute_n_631b4d22e4b027aa405b2ad7,ENTERTAINMENT,2.2,2,2,1,2,2,7,5
"Maury Wills, Base-Stealing Shortstop For Dodgers, Dies At 89",https://www.huffpost.com/entry/dodgers-baseball-obit-wills_n_6329feb3e4b07198f0134500,SPORTS,2.5,2,2,1,3,2,8,5
"Las Vegas Aces Win First WNBA Title, Chelsea Gray Named MVP",https://www.huffpost.com/entry/2022-wnba-finals_n_6327f56fe4b0eac9f4e3144d,SPORTS,3.0,2,2,2,2,2,7,8
Boston Marathon To Make Race More Inclusive For Nonbinary Runners,https://www.huffpost.com/entry/boston-marathon-nonbinary-runners_n_631fade4e4b046aa0237a055,SPORTS,4.1,2,2,5,4,4,8,7
"Anthony Varvaro, MLB Pitcher Turned Transit Cop, Dies In Crash On Way To 9/11 Ceremony",https://www.huffpost.com/entry/anthony-varvaro-dead_n_631f6827e4b027aa405e1899,SPORTS,2.0,2,2,1,1,2,8,2
"Carlos Alcaraz Wins U.S. Open For 1st Slam Title, Top Ranking",https://www.huffpost.com/entry/carlos-alcaraz-us-open-grand-slam-win_n_631e7452e4b027aa405cf51b,SPORTS,3.4,2,2,3,2,3,8,7
Baseball Players Union Joins AFL-CIO In Show Of Solidarity With Other Workers,https://www.huffpost.com/entry/baseball-players-union-joins-afl-cio_n_6318a30ee4b000d9884c1aca,SPORTS,4.0,4,3,5,3,4,7,6
"Kody Clemens Strikes Out MVP Shohei Ohtani, Trails Dad Roger By 4,671 Ks",https://www.huffpost.com/entry/kody-clemens-strikes-out-shohei-otani_n_63177ba5e4b0faa556c18078,SPORTS,2.3,2,2,1,1,3,6,6
Vanessa Bryant Says Kobe Bryant Crash Photos Turned Grief To Horror,https://www.huffpost.com/entry/vanessa-bryant-testimony-kobe-bryant-crash-photos_n_62fff99be4b00c150d617da3,SPORTS,2.3,2,2,1,2,3,8,1
Deshaun Watson Settles With NFL For 11-Game Suspension,https://www.huffpost.com/entry/bc-fbn-browns-watson-settlement_n_62fe63d1e4b0f48a020547b2,SPORTS,2.0,2,2,1,1,2,7,2
Talks On Possible Watson Settlement Progress,https://www.huffpost.com/entry/deshaun-watson-browns-nfl_n_62fd2a47e4b0a85a81981a14,SPORTS,2.0,2,2,1,1,2,8,2
The Denver Broncos’ Historic Purchase Could Increase Number Of Minority-Owned NFL Teams,https://www.huffpost.com/entry/denver-broncos-diversity-nfl_n_62fae8f7e4b0f48a0200e812,SPORTS,5.3,4,4,6,4,5,7,7
Tiger To Meet With Top Players Against LIV Golf,https://www.huffpost.com/entry/tiger-woods-golf-player-meeting_n_62fbeafae4b077bb77a6703c,SPORTS,2.5,2,2,2,2,3,7,3
"Mariah Carey Brings Big, Big Energy To Latto's 2022 BET Awards Performance",https://www.huffpost.com/entry/mariah-carey-latto-2022-bet-awards-performance_n_62b913bae4b0c77098be0ee2,BLACK VOICES,2.6,2,2,2,2,3,7,6
"Diddy Honored With Lifetime Achievement, Star-Studded Tribute At 2022 BET Awards",https://www.huffpost.com/entry/diddy-bet-awards-lifetime-achievement_n_62b8e9b4e4b06169caa8aae6,BLACK VOICES,3.3,2,2,2,3,3,7,7
BET Awards 2022 Red Carpet: See The Best Looks From 'Culture's Biggest Night',https://www.huffpost.com/entry/bet-awards-2022-red-carpet-best-looks_n_62b8cc6ce4b0c77098bde01d,BLACK VOICES,2.3,2,2,1,1,3,7,5
University Of Nebraska Changes Mascot's Hand Signal To Avoid White Supremacy Gesture,https://www.huffpost.com/entry/herbie-husker-ok-white-supremacist-change_n_61f60e59e4b02de5f51a0cf2,BLACK VOICES,2.6,2,2,2,2,3,7,5
Hundreds Of Black Women In Georgia Will Get $850 Per Month In Guaranteed Income,https://www.huffpost.com/entry/georgia-guaranteed-income-pilot-black-women_n_61afbc29e4b028ce3d00418e,BLACK VOICES,5.0,4,4,5,4,4,8,7
Potential Jurors See Racism Behind Ahmaud Arbery's Slaying,https://www.huffpost.com/entry/ahmaud-arbery-georgia-trial-jurors_n_617edcabe4b079111a663f17,BLACK VOICES,4.4,4,4,6,5,3,8,2
6 Signs You’re Grinding Your Teeth At Night (And What To Do About It),https://www.huffpost.com/entry/signs-of-teeth-grinding_l_6307b72ee4b0f7df9bb7e34f,WELLNESS,2.2,2,2,2,1,2,7,5
How To Tell If Your Chest Pain Is A Heart Problem,https://www.huffpost.com/entry/chest-pain-heart-signs-symptoms_l_6283e7aee4b003ed29678afa,WELLNESS,3.0,2,2,2,1,3,7,7
Fertility Treatment Puts Many Families In Debt. Here's How To Manage It.,https://www.huffpost.com/entry/fertility-treatment-debt-ivf-cost_l_62e00b8ae4b000da24053610,WELLNESS,2.9,2,2,3,2,4,8,4
4 'Micro-Transitions' In Your Day That May Be Causing You Anxiety,https://www.huffpost.com/entry/micro-transitons-anxiety_l_62ceed69e4b0e6251b37fe91,WELLNESS,2.8,2,2,3,1,4,7,6
Should I Take My Cat Out In This Heat?,https://www.huffpost.com/entry/can-i-let-cat-out-heat_l_62df0934e4b000da240339c6,WELLNESS,2.1,2,2,1,1,2,7,5
Why You Feel Hungover After An Anxiety Or Panic Attack,https://www.huffpost.com/entry/anxiety-panic-attack-hungover_l_62bde9d7e4b00a9334e5ac5e,WELLNESS,2.4,2,2,3,1,2,7,5
